ID,RATING,REVIEW,CUSTOMER_NAME,REVIEW_DATE
1,4,"I recently purchased the FrostBlast Refrigerator from ChillMaster Appliances, and overall, I'm quite pleased with its performance. The refrigerator has ample storage space, perfect for a household of four like ours. The adjustable shelves and compartments make it easy to organize groceries, and the LED lighting is a nice touch, illuminating every corner of the fridge. However, I did notice that the ice maker tends to get jammed occasionally, requiring manual intervention to fix. Despite this minor inconvenience, I still consider it a worthwhile investment for our kitchen.","Emily Johnson",2024-04-10
2,2,"Disappointed with the PowerJet Pressure Washer from CleanTech Tools. I purchased this pressure washer hoping to tackle some outdoor cleaning projects, but it fell short of my expectations. While it does provide decent water pressure, the build quality feels cheap and flimsy. The hose connection leaked from the start, and the nozzle is prone to clogging, making it frustrating to use. I ended up returning it and investing in a higher-quality model from a different brand. Not worth the money in my opinion.","Michael Thompson",2024-04-13
3,5,"I am absolutely thrilled with my purchase of the CloudComfort Mattress from DreamHaven Bedding. This mattress has completely transformed my sleep quality. The memory foam provides the perfect balance of comfort and support, relieving pressure points and ensuring I wake up feeling refreshed every morning. The cooling gel technology also keeps me cool throughout the night, preventing any uncomfortable heat buildup. Plus, the delivery was prompt, and the customer service was excellent. Investing in this mattress was definitely worth it, and I highly recommend it to anyone in need of a good night's sleep.","Amanda Brown",2024-04-16
5,5,"I recently purchased the ComfortPlus Sofa from DuraLuxe Home Furnishings, and I must say, it exceeded my expectations. The sofa not only looks stylish but is incredibly comfortable too. The material feels durable, and the cushions are plush, providing excellent support for long hours of lounging. My family loves it, and it has become the centerpiece of our living room. The only downside is that the delivery took longer than expected, but the quality of the product made up for the wait.","Samantha Johnson",2024-04-14
6,4,"The GlowBrite LED Bulbs from BrightHome are a solid choice for energy-efficient lighting. I replaced all the bulbs in my house with these, and I've noticed a significant decrease in my energy bills. The bulbs emit a warm, inviting light that's perfect for creating a cozy atmosphere. Installation was straightforward, and they've been working flawlessly so far. My only minor complaint is that they're not as bright as I expected, but it's a small trade-off for the energy savings. Overall, I'm satisfied with my purchase and would recommend them to others.","David Wilson",2024-04-13
7,2,"I had high hopes for the QuickChef Blender from KitchenTech, but unfortunately, it fell short of my expectations. While it's powerful enough to blend most ingredients, I found that it struggled with tougher items like frozen fruit and ice. The motor also emits a burning smell after prolonged use, which is concerning. Additionally, the lid doesn't seal properly, leading to messy spills during blending. Overall, I'm disappointed with the quality and performance of this blender, and I wouldn't recommend it to others.","Sophie Adams",2024-04-17
8,5,"The ChillZone Air Conditioner from CoolBreeze Appliances is a lifesaver during the hot summer months. I live in a top-floor apartment with poor ventilation, so having a reliable AC unit is essential. This one cools down my space quickly and efficiently, allowing me to escape the sweltering heat outside. The remote control is convenient for adjusting settings from across the room, and the sleep mode ensures a comfortable temperature throughout the night. Installation was straightforward, and I haven't encountered any issues so far. Highly recommend!","Jennifer Lee",2024-04-08
9,3,"The SnapClean Vacuum Cleaner from CleanSweep Home Essentials gets the job done, but it's not without its flaws. While it has powerful suction and effectively picks up dirt and debris, I found the design to be rather cumbersome. Maneuvering around furniture is a challenge, and the vacuum feels heavy after extended use. Additionally, the cord length is shorter than I expected, requiring frequent unplugging and re-plugging. It's a decent vacuum for basic cleaning tasks, but I wouldn't recommend it for larger homes or those with multiple levels.","Mark Thompson",2024-04-13
10,5,"I recently purchased the SleepBliss Memory Foam Pillow from DreamComfort Bedding, and it has exceeded my expectations. The pillow provides excellent support for my neck and shoulders, alleviating any discomfort I used to experience in the morning. The memory foam molds to the shape of my head, ensuring a personalized level of comfort. I've noticed a significant reduction in neck pain and stiffness since I started using it. Plus, the hypoallergenic cover is a nice touch, especially for someone like me who suffers from allergies. Overall, I highly recommend this pillow to anyone in search of a restful night's sleep.","Rachel Patel",2024-04-17
11,4,"The FrostBlast Refrigerator from ChillMaster Appliances has been a great addition to our kitchen. It offers plenty of storage space and keeps our food items cold and fresh. The adjustable shelves are convenient for organizing groceries, and the freezer compartment is spacious enough to hold a variety of frozen foods. The only minor issue we encountered was with the ice dispenser, which occasionally gets jammed. However, overall, we're satisfied with our purchase and would recommend this refrigerator to others.","Ryan Taylor",2024-04-08
12,2,"I purchased the PowerJet Pressure Washer from CleanTech Tools with high hopes of tackling my outdoor cleaning tasks, but unfortunately, it didn't live up to expectations. The water pressure is inconsistent, and the nozzle frequently gets clogged, making it difficult to use effectively. Additionally, the hose connection leaks, resulting in water wastage and a messy cleanup process. It's frustrating to spend money on a product that fails to deliver on its promises. I ended up returning it and investing in a different brand.","Laura Evans",2024-04-11
14,3,"While the TechGlide Laptop from ElectroTech offers impressive performance, it falls short in terms of build quality. I've had this laptop for about a month now, and I've already noticed some issues with the keyboard and trackpad. Certain keys are starting to feel mushy, and the trackpad occasionally stops responding. Additionally, the chassis feels flimsy, and I'm worried about its durability over time. It's a decent laptop for the price, but I expected better longevity from a reputable brand like ElectroTech.","Sarah Clark",2024-04-13
15,5,"I am extremely satisfied with my purchase of the ComfortPlus Sofa from DuraLuxe Home Furnishings. Not only does it look stylish in my living room, but it's also incredibly comfortable. The cushions are plush yet supportive, providing the perfect balance of softness and firmness. The upholstery feels durable, and the color options allowed me to choose the perfect match for my decor. Plus, the delivery was prompt, and the assembly was straightforward. Overall, I highly recommend this sofa to anyone in search of both style and comfort.","Brandon Martinez",2024-04-14
16,4,"The GlowBrite LED Bulbs from BrightHome are a great investment for anyone looking to save on energy bills. I've replaced all the bulbs in my house with these, and I've already noticed a difference in my electricity usage. The bulbs emit a warm, inviting light that's perfect for creating a cozy atmosphere in any room. Installation was quick and easy, and they've been working flawlessly so far. My only minor complaint is that they're not as bright as traditional incandescent bulbs, but the energy savings more than make up for it.","Jessica Turner",2024-04-10
17,2,"I had high hopes for the QuickChef Blender from KitchenTech, but unfortunately, it failed to meet my expectations. The motor is underpowered, struggling to blend even simple ingredients like bananas and yogurt. The plastic components feel cheap and flimsy, and I'm concerned about their longevity. Additionally, the lid doesn't seal properly, resulting in messy spills during operation. Overall, I'm disappointed with the performance and quality of this blender, and I wouldn't recommend it to others.","Andrew Nelson",2024-04-17
18,5,"The ChillZone Air Conditioner from CoolBreeze Appliances is a game-changer for hot summer days. I live in a small apartment with poor airflow, so having a reliable AC unit is essential. This one cools down my space quickly and efficiently, allowing me to escape the heat and humidity outside. The remote control is convenient for adjusting settings from the comfort of my couch, and the sleep mode ensures a comfortable temperature throughout the night. Installation was a breeze, and I haven't encountered any issues so far. Highly recommend!","Michelle Phillips",2024-04-15
19,3,"The SnapClean Vacuum Cleaner from CleanSweep Home Essentials gets the job done, but it's not without its flaws. While it has strong suction power and effectively picks up dirt and debris, I found the design to be bulky and difficult to maneuver. The vacuum feels heavy, especially when cleaning stairs or carrying it between rooms. Additionally, the cord length is shorter than I expected, requiring frequent unplugging and re-plugging. It's a decent vacuum for basic cleaning tasks, but there are better options available.","Jason Rivera",2024-04-11
20,5,"I recently purchased the SleepBliss Memory Foam Pillow from DreamComfort Bedding, and it has been a game-changer for my sleep quality. The pillow provides excellent support for my neck and shoulders, alleviating any discomfort I used to experience in the morning. The memory foam molds to the shape of my head, ensuring a personalized level of comfort. I've noticed a significant reduction in neck pain and stiffness since I started using it. Plus, the hypoallergenic cover is a nice touch, especially for someone like me who suffers from allergies. Overall, I highly recommend this pillow to anyone in search of a restful night's sleep.","Rachel Patel",2024-04-11
21,4,"The FrostBlast Refrigerator from ChillMaster Appliances is a solid appliance overall. It has plenty of storage space for groceries, and the adjustable shelves make it easy to customize the layout to suit my needs. The freezer compartment is spacious, allowing me to store a variety of frozen foods. The only downside is that the ice maker occasionally gets jammed, requiring manual intervention to fix. However, considering its other features and the reasonable price, I'm satisfied with my purchase.","Nicole Adams",2024-04-12
22,2,"I purchased the PowerJet Pressure Washer from CleanTech Tools hoping to tackle some outdoor cleaning projects, but unfortunately, it didn't live up to expectations. The water pressure is inconsistent, and the nozzle frequently gets clogged, making it difficult to use effectively. Additionally, the hose connection leaks, resulting in water wastage and a messy cleanup process. It's frustrating to spend money on a product that fails to deliver on its promises. I ended up returning it and investing in a different brand.","Tyler Rodriguez",2024-04-12
23,5,"The CloudComfort Mattress from DreamHaven Bedding has completely transformed my sleeping experience. I used to wake up with backaches and stiffness, but ever since I switched to this mattress, those issues have disappeared. The memory foam provides just the right amount of support and contouring, cradling my body in all the right places. Plus, the cooling gel technology keeps me comfortable throughout the night, even during the hot summer months. I highly recommend this mattress to anyone in need of a good night's sleep.","Olivia Garcia",2024-04-17
24,3,"While the TechGlide Laptop from ElectroTech offers impressive performance, it falls short in terms of build quality. I've had this laptop for about a month now, and I've already noticed some issues with the keyboard and trackpad. Certain keys are starting to feel mushy, and the trackpad occasionally stops responding. Additionally, the chassis feels flimsy, and I'm worried about its durability over time. It's a decent laptop for the price, but I expected better longevity from a reputable brand like ElectroTech.","Christopher Martinez",2024-04-17
25,5,"I am extremely satisfied with my purchase of the ComfortPlus Sofa from DuraLuxe Home Furnishings. Not only does it look stylish in my living room, but it's also incredibly comfortable. The cushions are plush yet supportive, providing the perfect balance of softness and firmness. The upholstery feels durable, and the color options allowed me to choose the perfect match for my decor. Plus, the delivery was prompt, and the assembly was straightforward. Overall, I highly recommend this sofa to anyone in search of both style and comfort.","Megan Turner",2024-04-12
26,4,"The GlowBrite LED Bulbs from BrightHome are a great investment for anyone looking to save on energy bills. I've replaced all the bulbs in my house with these, and I've already noticed a difference in my electricity usage. The bulbs emit a warm, inviting light that's perfect for creating a cozy atmosphere in any room. Installation was quick and easy, and they've been working flawlessly so far. My only minor complaint is that they're not as bright as traditional incandescent bulbs, but the energy savings more than make up for it.","Anthony Brown",2024-04-11
27,2,"I had high hopes for the QuickChef Blender from KitchenTech, but unfortunately, it failed to meet my expectations. The motor is underpowered, struggling to blend even simple ingredients like bananas and yogurt. The plastic components feel cheap and flimsy, and I'm concerned about their longevity. Additionally, the lid doesn't seal properly, resulting in messy spills during operation. Overall, I'm disappointed with the performance and quality of this blender, and I wouldn't recommend it to others.","Emma Hill",2024-04-09
28,5,"The ChillZone Air Conditioner from CoolBreeze Appliances is a game-changer for hot summer days. I live in a small apartment with poor airflow, so having a reliable AC unit is essential. This one cools down my space quickly and efficiently, allowing me to escape the heat and humidity outside. The remote control is convenient for adjusting settings from the comfort of my couch, and the sleep mode ensures a comfortable temperature throughout the night. Installation was a breeze, and I haven't encountered any issues so far. Highly recommend!","Robert Wilson",2024-04-14
29,3,"The SnapClean Vacuum Cleaner from CleanSweep Home Essentials gets the job done, but it's not without its flaws. While it has strong suction power and effectively picks up dirt and debris, I found the design to be bulky and difficult to maneuver. The vacuum feels heavy, especially when cleaning stairs or carrying it between rooms. Additionally, the cord length is shorter than I expected, requiring frequent unplugging and re-plugging. It's a decent vacuum for basic cleaning tasks, but there are better options available.","Lauren Martinez",2024-04-14
30,5,"I recently purchased the SleepBliss Memory Foam Pillow from DreamComfort Bedding, and it has been a game-changer for my sleep quality. The pillow provides excellent support for my neck and shoulders, alleviating any discomfort I used to experience in the morning. The memory foam molds to the shape of my head, ensuring a personalized level of comfort. I've noticed a significant reduction in neck pain and stiffness since I started using it. Plus, the hypoallergenic cover is a nice touch, especially for someone like me who suffers from allergies. Overall, I highly recommend this pillow to anyone in search of a restful night's sleep.","Taylor Clark",2024-04-12
31,4,"The FrostBlast Refrigerator from ChillMaster Appliances is a solid appliance overall. It has plenty of storage space for groceries, and the adjustable shelves make it easy to customize the layout to suit my needs. The freezer compartment is spacious, allowing me to store a variety of frozen foods. The only downside is that the ice maker occasionally gets jammed, requiring manual intervention to fix. However, considering its other features and the reasonable price, I'm satisfied with my purchase.","Nicole Adams",2024-04-11
32,2,"I purchased the PowerJet Pressure Washer from CleanTech Tools hoping to tackle some outdoor cleaning projects, but unfortunately, it didn't live up to expectations. The water pressure is inconsistent, and the nozzle frequently gets clogged, making it difficult to use effectively. Additionally, the hose connection leaks, resulting in water wastage and a messy cleanup process. It's frustrating to spend money on a product that fails to deliver on its promises. I ended up returning it and investing in a different brand.","Tyler Rodriguez",2024-04-09
33,5,"The CloudComfort Mattress from DreamHaven Bedding has completely transformed my sleeping experience. I used to wake up with backaches and stiffness, but ever since I switched to this mattress, those issues have disappeared. The memory foam provides just the right amount of support and contouring, cradling my body in all the right places. Plus, the cooling gel technology keeps me comfortable throughout the night, even during the hot summer months. I highly recommend this mattress to anyone in need of a good night's sleep.","Olivia Garcia",2024-04-09
34,3,"While the TechGlide Laptop from ElectroTech offers impressive performance, it falls short in terms of build quality. I've had this laptop for about a month now, and I've already noticed some issues with the keyboard and trackpad. Certain keys are starting to feel mushy, and the trackpad occasionally stops responding. Additionally, the chassis feels flimsy, and I'm worried about its durability over time. It's a decent laptop for the price, but I expected better longevity from a reputable brand like ElectroTech.","Christopher Martinez",2024-04-14
35,5,"I am extremely satisfied with my purchase of the ComfortPlus Sofa from DuraLuxe Home Furnishings. Not only does it look stylish in my living room, but it's also incredibly comfortable. The cushions are plush yet supportive, providing the perfect balance of softness and firmness. The upholstery feels durable, and the color options allowed me to choose the perfect match for my decor. Plus, the delivery was prompt, and the assembly was straightforward. Overall, I highly recommend this sofa to anyone in search of both style and comfort.","Megan Turner",2024-04-13
36,4,"The GlowBrite LED Bulbs from BrightHome are a great investment for anyone looking to save on energy bills. I've replaced all the bulbs in my house with these, and I've already noticed a difference in my electricity usage. The bulbs emit a warm, inviting light that's perfect for creating a cozy atmosphere in any room. Installation was quick and easy, and they've been working flawlessly so far. My only minor complaint is that they're not as bright as traditional incandescent bulbs, but the energy savings more than make up for it.","Anthony Brown",2024-04-08
4,1,"Mixed feelings about the TechGlide Laptop from ElectroTech. On one hand, it's fast and responsive, making it ideal for work and entertainment. The display is vibrant, and the battery life is decent for everyday use. However, I've encountered some issues with overheating, especially when running multiple programs simultaneously. The fan gets quite loud, which can be distracting. Additionally, the build quality feels a bit flimsy, and I'm concerned about its durability in the long run. It's a good laptop overall, but there are definitely some areas that could be improved.","Daniel Smith",2024-04-16
13,1,"The CloudComfort Mattress from DreamHaven Bedding has completely transformed my sleeping experience. I used to wake up with backaches and stiffness, but ever since I switched to this mattress, those issues have disappeared. The memory foam provides just the right amount of support and contouring, cradling my body in all the right places. Plus, the cooling gel technology keeps me comfortable throughout the night, even during the hot summer months. I highly recommend this mattress to anyone in need of a good night's sleep.","Eric Garcia",2024-04-15
37,1,"I had high hopes for the QuickChef Blender from KitchenTech, but unfortunately, it failed to meet my expectations. The motor is underpowered, struggling to blend even simple ingredients like bananas and yogurt. The plastic components feel cheap and flimsy, and I'm concerned about their longevity. Additionally, the lid doesn't seal properly, resulting in messy spills during operation. Overall, I'm disappointed with the performance and quality of this blender, and I wouldn't recommend it to others.","Emma Hill",2024-04-16
38,5,"The ChillZone Air Conditioner from CoolBreeze Appliances is a game-changer for hot summer days. I live in a small apartment with poor airflow, so having a reliable AC unit is essential. This one cools down my space quickly and efficiently, allowing me to escape the heat and humidity outside. The remote control is convenient for adjusting settings from the comfort of my couch, and the sleep mode ensures a comfortable temperature throughout the night. Installation was a breeze, and I haven't encountered any issues so far. Highly recommend!","Robert Wilson",2024-04-14
39,3,"The SnapClean Vacuum Cleaner from CleanSweep Home Essentials gets the job done, but it's not without its flaws. While it has strong suction power and effectively picks up dirt and debris, I found the design to be bulky and difficult to maneuver. The vacuum feels heavy, especially when cleaning stairs or carrying it between rooms. Additionally, the cord length is shorter than I expected, requiring frequent unplugging and re-plugging. It's a decent vacuum for basic cleaning tasks, but there are better options available.","Lauren Martinez",2024-04-11
40,5,"I recently purchased the SleepBliss Memory Foam Pillow from DreamComfort Bedding, and it has been a game-changer for my sleep quality. The pillow provides excellent support for my neck and shoulders, alleviating any discomfort I used to experience in the morning. The memory foam molds to the shape of my head, ensuring a personalized level of comfort. I've noticed a significant reduction in neck pain and stiffness since I started using it. Plus, the hypoallergenic cover is a nice touch, especially for someone like me who suffers from allergies. Overall, I highly recommend this pillow to anyone in search of a restful night's sleep.","Taylor Clark",2024-04-09
41,4,"The FrostBlast Refrigerator from ChillMaster Appliances is a solid appliance overall. It has plenty of storage space for groceries, and the adjustable shelves make it easy to customize the layout to suit my needs. The freezer compartment is spacious, allowing me to store a variety of frozen foods. The only downside is that the ice maker occasionally gets jammed, requiring manual intervention to fix. However, considering its other features and the reasonable price, I'm satisfied with my purchase.","Nicole Adams",2024-04-13
42,2,"I purchased the PowerJet Pressure Washer from CleanTech Tools hoping to tackle some outdoor cleaning projects, but unfortunately, it didn't live up to expectations. The water pressure is inconsistent, and the nozzle frequently gets clogged, making it difficult to use effectively. Additionally, the hose connection leaks, resulting in water wastage and a messy cleanup process. It's frustrating to spend money on a product that fails to deliver on its promises. I ended up returning it and investing in a different brand.","Tyler Rodriguez",2024-04-14
43,5,"The CloudComfort Mattress from DreamHaven Bedding has completely transformed my sleeping experience. I used to wake up with backaches and stiffness, but ever since I switched to this mattress, those issues have disappeared. The memory foam provides just the right amount of support and contouring, cradling my body in all the right places. Plus, the cooling gel technology keeps me comfortable throughout the night, even during the hot summer months. I highly recommend this mattress to anyone in need of a good night's sleep.","Olivia Garcia",2024-04-11
44,3,"While the TechGlide Laptop from ElectroTech offers impressive performance, it falls short in terms of build quality. I've had this laptop for about a month now, and I've already noticed some issues with the keyboard and trackpad. Certain keys are starting to feel mushy, and the trackpad occasionally stops responding. Additionally, the chassis feels flimsy, and I'm worried about its durability over time. It's a decent laptop for the price, but I expected better longevity from a reputable brand like ElectroTech.","Christopher Martinez",2024-04-17
45,5,"I am extremely satisfied with my purchase of the ComfortPlus Sofa from DuraLuxe Home Furnishings. Not only does it look stylish in my living room, but it's also incredibly comfortable. The cushions are plush yet supportive, providing the perfect balance of softness and firmness. The upholstery feels durable, and the color options allowed me to choose the perfect match for my decor. Plus, the delivery was prompt, and the assembly was straightforward. Overall, I highly recommend this sofa to anyone in search of both style and comfort.","Megan Turner",2024-04-10
46,4,"The GlowBrite LED Bulbs from BrightHome are a great investment for anyone looking to save on energy bills. I've replaced all the bulbs in my house with these, and I've already noticed a difference in my electricity usage. The bulbs emit a warm, inviting light that's perfect for creating a cozy atmosphere in any room. Installation was quick and easy, and they've been working flawlessly so far. My only minor complaint is that they're not as bright as traditional incandescent bulbs, but the energy savings more than make up for it.","Anthony Brown",2024-04-08
47,2,"I had high hopes for the QuickChef Blender from KitchenTech, but unfortunately, it failed to meet my expectations. The motor is underpowered, struggling to blend even simple ingredients like bananas and yogurt. The plastic components feel cheap and flimsy, and I'm concerned about their longevity. Additionally, the lid doesn't seal properly, resulting in messy spills during operation. Overall, I'm disappointed with the performance and quality of this blender, and I wouldn't recommend it to others.","Emma Hill",2024-04-11
48,5,"The ChillZone Air Conditioner from CoolBreeze Appliances is a game-changer for hot summer days. I live in a small apartment with poor airflow, so having a reliable AC unit is essential. This one cools down my space quickly and efficiently, allowing me to escape the heat and humidity outside. The remote control is convenient for adjusting settings from the comfort of my couch, and the sleep mode ensures a comfortable temperature throughout the night. Installation was a breeze, and I haven't encountered any issues so far. Highly recommend!","Robert Wilson",2024-04-16
49,3,"The SnapClean Vacuum Cleaner from CleanSweep Home Essentials gets the job done, but it's not without its flaws. While it has strong suction power and effectively picks up dirt and debris, I found the design to be bulky and difficult to maneuver. The vacuum feels heavy, especially when cleaning stairs or carrying it between rooms. Additionally, the cord length is shorter than I expected, requiring frequent unplugging and re-plugging. It's a decent vacuum for basic cleaning tasks, but there are better options available.","Lauren Martinez",2024-04-08
50,5,"I recently purchased the SleepBliss Memory Foam Pillow from DreamComfort Bedding, and it has been a game-changer for my sleep quality. The pillow provides excellent support for my neck and shoulders, alleviating any discomfort I used to experience in the morning. The memory foam molds to the shape of my head, ensuring a personalized level of comfort. I've noticed a significant reduction in neck pain and stiffness since I started using it. Plus, the hypoallergenic cover is a nice touch, especially for someone like me who suffers from allergies. Overall, I highly recommend this pillow to anyone in search of a restful night's sleep.","Taylor Clark",2024-04-08
